Bread,Wine,Eggs,Meat,Cheese,Pencil,Diaper
Bread,Cheese,Meat,Diaper,Wine,Milk,Pencil
Cheese,Meat,Eggs,Milk,Wine,,
Cheese,Meat,Eggs,Milk,Wine,,
Eggs,Bread,Wine,Pencil,Milk,Diaper,Bagel
Wine,Pencil,Eggs,Cheese,,,
Bagel,Bread,Milk,Pencil,Diaper,,
Bread,Diaper,Cheese,Milk,Wine,Eggs,
Bagel,Wine,Diaper,Meat,Pencil,Eggs,Cheese
Cheese,Meat,Eggs,Milk,Wine,,
Bagel,Eggs,Meat,Bread,Diaper,Wine,Milk
Bread,Diaper,Pencil,Bagel,Meat,,
Bagel,Cheese,Milk,Meat,,,
Bagel,Cheese,Meat,Bread,Diaper,Eggs,
Meat,Pencil,Cheese,Bread,,,
Cheese,Eggs,Wine,Bread,Milk,Pencil,Meat
Eggs,Bagel,Cheese,Meat,Diaper,,
Diaper,Wine,Eggs,Pencil,Meat,,
Diaper,Meat,Milk,Bread,Bagel,Cheese,
Cheese,Meat,Eggs,Milk,Wine,,
Diaper,Meat,Bread,Pencil,Wine,Cheese,Milk
Meat,Bread,Eggs,Cheese,Milk,Diaper,
Cheese,Bagel,Bread,Diaper,Wine,,
Diaper,Bread,Bagel,Eggs,Wine,Milk,Cheese
Cheese,Meat,Eggs,Milk,,,
Wine,Bread,Bagel,Diaper,Milk,,
Cheese,Meat,Eggs,Milk,Wine,,
Cheese,Meat,Eggs,Milk,,,
Cheese,Diaper,Meat,Wine,Bread,,
Wine,Milk,Diaper,Pencil,Cheese,Eggs,
Cheese,Eggs,Meat,Diaper,Wine,Milk,Bread
Cheese,Meat,Eggs,Milk,Wine,,
Wine,Cheese,Bagel,Pencil,Bread,Meat,Diaper
Milk,Pencil,Cheese,Bagel,,,
Meat,Cheese,Diaper,Wine,,,
Bread,Meat,Pencil,Milk,Wine,Diaper,
Pencil,Cheese,Diaper,Wine,Eggs,,
Bread,Diaper,Milk,Pencil,Cheese,Eggs,
Pencil,Milk,Diaper,Eggs,,,
Pencil,Milk,Meat,Cheese,,,
Bagel,Bread,Diaper,Cheese,Meat,,
Cheese,Meat,Eggs,Milk,,,
Cheese,Meat,Eggs,Milk,,,
Meat,Eggs,Bagel,Cheese,Wine,,
Bread,Cheese,Wine,Bagel,Milk,Meat,
Meat,Cheese,Pencil,Wine,Bread,,
Milk,Cheese,Wine,Bagel,Meat,Pencil,Bread
Pencil,Cheese,Wine,Milk,Diaper,Bagel,
Cheese,Meat,Eggs,Milk,,,
Cheese,Diaper,Pencil,Bagel,Wine,Meat,Eggs
Eggs,Meat,Wine,Bagel,Milk,Cheese,Diaper
Bread,Milk,Eggs,Cheese,Wine,Pencil,
Cheese,Milk,Meat,Eggs,Bagel,,
Cheese,Meat,Eggs,Milk,,,
Diaper,Wine,Meat,Eggs,,,
Pencil,Wine,Bread,Milk,,,
Bagel,Bread,Eggs,Milk,Pencil,Meat,Wine
Milk,Cheese,Wine,Meat,Bagel,Diaper,Bread
Bagel,Diaper,Milk,Cheese,Wine,,
Bagel,Pencil,Bread,Cheese,Eggs,,
Bagel,Pencil,Diaper,Wine,Meat,,
Pencil,Wine,Bagel,Eggs,Diaper,,
Bread,Meat,Milk,Cheese,Wine,Eggs,Pencil
Meat,Bread,Wine,Diaper,Bagel,,
Meat,Diaper,Eggs,Cheese,Bagel,,
Bread,Pencil,Bagel,Eggs,,,
Milk,Eggs,Meat,Cheese,Bread,Wine,Pencil
Bread,Bagel,Meat,Cheese,Eggs,Pencil,
Milk,Eggs,Bread,Cheese,,,
Pencil,Meat,Bread,Bagel,Cheese,,
Wine,Eggs,Bread,Diaper,,,
Meat,Cheese,Eggs,Bagel,Wine,Bread,
Meat,Cheese,Bread,Milk,,,
Cheese,Milk,Pencil,Eggs,Bread,Meat,
Bread,Eggs,Bagel,Diaper,Milk,Meat,Pencil
Cheese,Eggs,Meat,Wine,Bagel,Diaper,Bread
Diaper,Bagel,Bread,Pencil,Cheese,Milk,
Cheese,Meat,Eggs,Milk,,,
Cheese,Wine,Meat,Bagel,,,
Cheese,Diaper,Eggs,Milk,,,
Wine,Cheese,Meat,Pencil,Eggs,,
Eggs,Bagel,Pencil,Wine,Cheese,,
Bread,Milk,Pencil,Wine,Eggs,Bagel,
Wine,Cheese,Milk,Meat,Bread,Eggs,
Bagel,Milk,Wine,Pencil,Cheese,,
Cheese,Meat,Eggs,Milk,,,
Bread,Diaper,Pencil,Bagel,Cheese,,
Bread,Pencil,Diaper,Cheese,,,
Cheese,Meat,Eggs,Milk,,,
Eggs,Bagel,Meat,Diaper,Pencil,Milk,Bread
Bagel,Cheese,Eggs,Milk,Meat,Pencil,Bread
Bagel,Diaper,Pencil,Milk,Meat,,
Cheese,Meat,Eggs,Milk,,,
Bread,Cheese,Milk,Diaper,Pencil,,
Milk,Pencil,Bagel,Wine,Eggs,Meat,
Wine,Milk,Eggs,Bread,Meat,,
Bread,Meat,Pencil,Eggs,Cheese,Milk,Wine
Bread,Wine,Diaper,Eggs,Pencil,,
Bread,Wine,Diaper,Eggs,Pencil,,
Bread,Wine,Diaper,Eggs,,,
Bread,Wine,Diaper,Eggs,Pencil,Milk,
Wine,Pencil,Eggs,Cheese,,,
Bagel,Bread,Milk,Pencil,Diaper,,
Bread,Diaper,Cheese,Milk,Wine,Eggs,
Bagel,Wine,Diaper,Meat,Pencil,Eggs,Cheese
Cheese,Meat,Eggs,Milk,Wine,,
Bagel,Eggs,Meat,Bread,Diaper,Wine,Milk
Bread,Diaper,Pencil,Bagel,Meat,,
Bagel,Cheese,Milk,Meat,,,
Bagel,Cheese,Meat,Bread,Diaper,Eggs,
Meat,Pencil,Cheese,Bread,,,
Cheese,Eggs,Wine,Bread,Milk,Pencil,Meat
Eggs,Bagel,Cheese,Meat,Diaper,,
Diaper,Wine,Eggs,Pencil,Meat,,
Diaper,Meat,Milk,Bread,Bagel,Cheese,
Cheese,Meat,Eggs,Milk,Wine,,
Diaper,Meat,Bread,Pencil,Wine,Cheese,Milk
Cheese,Bagel,Bread,Diaper,Wine,,
Eggs,Wine,Milk,Cheese,Pencil,Bagel,Bread
Diaper,Bread,Bagel,Eggs,Wine,Milk,Cheese
Cheese,Meat,Eggs,Milk,,,
Cheese,Meat,Eggs,Milk,Wine,,
Wine,Bread,Bagel,Diaper,Milk,,
Cheese,Meat,Eggs,Milk,Wine,,
Cheese,Meat,Eggs,Milk,,,
Cheese,Diaper,Meat,Wine,Bread,,
Wine,Milk,Diaper,Pencil,Cheese,Eggs,
Cheese,Eggs,Meat,Diaper,Wine,Milk,Bread
Cheese,Meat,Eggs,Milk,Wine,,
Wine,Cheese,Bagel,Pencil,Bread,Meat,Diaper
Milk,Pencil,Cheese,Bagel,,,
Meat,Cheese,Diaper,Wine,,,
Bread,Meat,Pencil,Milk,Wine,Diaper,
Pencil,Cheese,Diaper,Wine,Eggs,,
Bread,Diaper,Milk,Pencil,Cheese,Eggs,
Diaper,Bread,Cheese,Bagel,Meat,Pencil,
Bread,Bagel,Milk,Diaper,,,
Pencil,Milk,Diaper,Eggs,,,
Pencil,Milk,Meat,Cheese,,,
Bagel,Bread,Diaper,Cheese,Meat,,
Cheese,Meat,Eggs,Milk,,,
Cheese,Meat,Eggs,Milk,,,
Bread,Wine,Eggs,Bagel,Cheese,Pencil,Diaper
Cheese,Meat,Eggs,Milk,,,